speaker_id,gender,age
speaker000,male,44
speaker001,female,59
speaker002,female,56
speaker003,male,42
speaker004,female,25
speaker005,female,50
speaker006,female,30
speaker007,female,34
speaker008,male,36
speaker009,male,38
speaker010,male,51
speaker011,female,49
speaker012,female,38
speaker013,male,32
speaker014,male,48
speaker015,female,33
speaker016,male,42
speaker017,female,42
speaker018,female,42
speaker019,female,38
speaker020,female,31
speaker021,female,42
speaker022,female,30
speaker023,female,48
speaker024,female,42
speaker025,female,55
speaker026,male,47
speaker027,female,47
speaker028,female,42
speaker029,female,28
speaker030,male,50
speaker031,female,32
speaker032,male,38
speaker033,female,33
speaker034,female,54
speaker035,male,50
speaker036,female,31
speaker037,male,46
speaker038,female,38
speaker039,female,43
speaker040,female,40
speaker041,female,52
speaker042,female,30
speaker043,female,26
speaker044,female,27
speaker045,female,34
speaker046,female,35
speaker047,female,37
speaker048,female,41
speaker049,male,50
speaker050,male,47
speaker051,male,40
speaker052,female,32
speaker053,female,30
speaker054,female,49
speaker055,male,43
speaker056,male,57
speaker057,female,40
speaker058,male,67
speaker059,female,28
speaker060,female,44
speaker061,female,38
speaker062,male,47
speaker063,male,59
speaker064,male,54
speaker065,male,64
speaker066,male,37
speaker067,male,25
speaker068,male,35
speaker069,female,24
speaker070,male,53
speaker071,male,50
speaker072,female,40
speaker073,male,43
speaker074,female,29
speaker075,male,56
speaker076,male,53
speaker077,female,47
speaker078,male,58
speaker079,female,22
speaker080,female,40
speaker082,female,35
speaker083,female,34
speaker084,male,20
speaker085,male,37
speaker087,male,52
speaker089,male,61
speaker090,male,56
speaker091,female,46
speaker092,male,57
speaker093,female,46
speaker094,male,38
speaker095,male,55
speaker096,male,47
speaker097,male,59
speaker099,male,44
speaker101,female,44
speaker102,male,55
speaker103,female,41
speaker104,male,47
speaker105,male,46
speaker106,male,57
speaker107,female,33
speaker108,female,43
speaker109,male,50
speaker110,female,32
speaker111,male,37
speaker112,male,54
speaker113,male,47
speaker114,male,40
speaker115,female,44
speaker116,male,54
speaker117,female,40
speaker118,male,46
speaker120,male,35
speaker121,male,49
speaker122,female,23
speaker123,male,52
speaker124,female,40
speaker125,male,24
speaker126,female,22
speaker127,female,20
speaker128,male,44
speaker129,male,35
speaker130,male,59
speaker131,male,62
speaker132,male,50
speaker133,male,52
speaker134,female,34
speaker135,male,40
speaker136,male,62
speaker137,male,37
speaker138,female,39
speaker139,male,45
speaker140,male,36
speaker141,female,30
speaker142,female,32
speaker143,female,52
speaker144,male,44
speaker145,male,60
speaker146,female,30
speaker147,male,62
speaker148,male,39
speaker149,male,44
speaker150,female,55
speaker151,male,53
speaker152,male,58
speaker153,male,51
speaker154,female,27
speaker155,male,36
speaker156,female,38
speaker157,male,47
speaker158,male,43
speaker159,female,44
speaker160,male,65
speaker161,male,51
speaker162,male,50
speaker163,male,44
speaker164,female,29
speaker166,male,63
speaker167,female,39
speaker168,female,32
speaker169,female,33
speaker170,male,49
speaker171,female,50
speaker172,male,40
speaker173,female,51
speaker174,male,36
speaker175,female,39
speaker176,male,44
speaker177,male,35
speaker178,male,56
speaker179,male,62
speaker180,male,40
speaker181,female,36
speaker182,male,36
speaker183,male,38
speaker184,male,40
speaker185,male,40
speaker186,male,46
speaker187,male,45
speaker188,female,40
speaker189,male,53
speaker190,female,25
speaker191,male,54
speaker192,male,49
speaker193,female,27
speaker194,male,37
speaker195,male,38
speaker196,male,60
speaker197,male,47
speaker198,male,46
speaker199,male,43
speaker200,male,49
speaker201,female,40
speaker202,male,60
speaker203,female,43
speaker204,male,30
speaker205,male,46
speaker206,female,45
speaker207,female,48
speaker208,female,41
speaker209,female,48
speaker210,male,40
speaker211,male,38
speaker212,female,64
speaker213,female,23
speaker214,male,49
speaker215,female,41
speaker216,male,34
speaker218,female,33
speaker219,female,38
speaker220,male,43
speaker221,male,49
speaker222,male,43
speaker223,female,42
speaker224,female,50
speaker225,male,31
speaker226,male,42
speaker227,male,47
speaker228,female,50
speaker229,female,40
speaker230,male,50
speaker231,female,65
speaker232,male,51
speaker233,male,44
speaker234,male,38
speaker235,male,36
speaker236,male,52
speaker237,male,53
speaker239,female,38
speaker240,female,33
speaker241,male,55
speaker242,female,37
speaker243,male,43
speaker244,male,48
speaker245,male,32
speaker246,male,38
speaker247,male,45
speaker248,male,40
speaker249,male,27
speaker250,male,43
speaker251,male,39
speaker252,female,32
speaker254,male,32
speaker255,male,58
speaker256,female,51
speaker257,male,49
speaker258,female,55
speaker259,male,56
speaker260,female,35
speaker261,female,52
speaker262,female,38
speaker263,female,40
speaker264,female,23
speaker265,female,47
speaker266,female,43
speaker267,female,24
speaker268,male,28
speaker269,female,40
speaker270,female,41
speaker271,female,36
speaker272,female,33
speaker273,female,48
speaker274,female,33
speaker275,male,53
speaker276,female,28
speaker277,female,26
speaker278,male,48
speaker279,male,38
speaker280,male,56
speaker281,female,35
speaker282,female,32
speaker283,male,40
speaker284,male,37
speaker285,female,32
speaker286,female,27
speaker287,female,62
speaker288,female,42
speaker289,female,49
speaker290,female,53
speaker291,female,31
speaker292,female,36
speaker294,male,55
speaker295,female,47
speaker296,female,34
speaker297,female,45
speaker298,male,51
speaker299,male,49
speaker300,female,39
speaker301,male,50
speaker302,female,33
speaker303,male,58
speaker304,female,26
speaker305,female,27
speaker306,female,40
speaker307,male,38
speaker308,female,48
speaker309,male,41
speaker310,female,29
speaker311,female,36
speaker312,male,43
speaker313,female,42
speaker314,female,35
speaker315,female,34
speaker316,female,37
speaker317,male,53
speaker318,female,26
speaker319,male,53
speaker320,male,49
speaker321,female,44
speaker322,female,52
speaker323,male,56
speaker324,female,40
speaker325,male,54
speaker326,female,30
speaker327,male,36
speaker328,male,50
speaker329,female,26
speaker331,female,43
speaker332,male,39
speaker333,female,42
speaker334,female,37
